[
    {
        "id": 1,
        "title": "Post Format - Image",
        "pictures": [
            "assets/images/demo/blog/post-1.jpg"
        ],
        "shortDetails": "Euismod atras vulputate iltricies etri elit. Class aptent taciti sociosqu ad litora torquent per conubia nostra, per inceptos himenaeos. Nulla nunc dui, tristique in semper vel, congue sed ligula.",
        "description": "<p>Proin ut ante vitae magna cursus porta. Aenean rutrum faucibus augue eu convallis. Phasellus condimentum elit id cursus sodales. Vivamus nec est consectetur, tincidunt augue at, tempor libero.</p> ",
        "category": [
            "Haircuts & hairstyles",
            "Fashion trends",
            "Accessories"
        ],
        "date": "06/29/2018",
        "contributor": "Admin",
        "user": "John Doe",
        "profile": "assets/images/demo/blog/author.jpg",
        "userinfo": "Lorem ipsum dolor sit amet, consectetur adipisicing elit. Ab officia culpa corporis, quidem placeat minima unde vel veniam laboriosam et animi, inventore delectus, officiis doloribus ex amet illum ea suscipit!"
    },
    {
        "id": 2,
        "title": "Post Format - Image Gallery",
        "pictures": [
            "assets/images/demo/blog/post-1.jpg",
            "assets/images/demo/blog/post-2.jpg",
            "assets/images/demo/blog/post-3.jpg"
        ],
        "shortDetails": "Euismod atras vulputate iltricies etri elit. Class aptent taciti sociosqu ad litora torquent per conubia nostra, per inceptos himenaeos. Nulla nunc dui, tristique in semper vel, congue sed ligula.",
        "description": "<p>Euismod atras vulputate iltricies etri elit. Class aptent taciti sociosqu ad litora torquent per conubia nostra, per inceptos himenaeos. Nulla nunc dui, tristique in semper vel, congue sed ligula.</p><p>Nam dolor ligula, faucibus id sodales in, auctor fringilla libero. Pellentesque pellentesque tempor tellus eget hendrerit. Morbi id aliquam ligula. Aliquam id dui sem. Proin rhoncus consequat nisl, eu ornare mauris tincidunt vitae. Nulla aliquet turpis eget sodales scelerisque. Ut accumsan rhoncus sapien a dignissim. Sed vel ipsum nunc. Aliquam erat volutpat. Donec et dignissim elit. Etiam condimentum, ante sed rutrum auctor, quam arcu consequat massa, at gravida enim velit id nisl.</p><p>Nullam non felis odio. Praesent aliquam magna est, nec volutpat quam aliquet non. Cras ut lobortis massa, a fringilla dolor. Quisque ornare est at felis consectetur mollis. Aliquam vitae metus et enim posuere ornare. Praesent sapien erat, pellentesque quis sollicitudin eget, imperdiet bibendum magna. Aenean sit amet odio est.</p><p>Pellentesque habitant morbi tristique senectus et netus et malesuada fames ac turpis egestas. Mauris quis est lobortis odio dignissim rutrum. Pellentesque blandit lacinia diam, a tincidunt felis tempus eget.</p><p>Donec egestas metus non vehicula accumsan. Pellentesque sit amet tempor nibh. Mauris in risus lorem. Cras malesuada gravida massa eget viverra. Suspendisse vitae dolor erat. Morbi id rhoncus enim. In hac habitasse platea dictumst. Aenean lorem diam, venenatis nec venenatis id, adipiscing ac massa. Nam vel dui eget justo dictum pretium a rhoncus ipsum. Donec venenatis erat tincidunt nunc suscipit, sit amet bibendum lacus posuere. Sed scelerisque, dolor a pharetra sodales, mi augue consequat sapien, et interdum tellus leo et nunc. Nunc imperdiet eu libero ut imperdiet.</p><p>Nunc varius ornare tortor. In dignissim quam eget quam sodales egestas. Nullam imperdiet velit feugiat, egestas risus nec, rhoncus felis. Suspendisse sagittis enim aliquet augue consequat facilisis. Nunc sit amet eleifend tellus. Etiam rhoncus turpis quam. Vestibulum eu lacus mattis, dignissim justo vel, fermentum nulla. Donec pharetra augue eget diam dictum, eu ullamcorper arcu feugiat.</p><p>Proin ut ante vitae magna cursus porta. Aenean rutrum faucibus augue eu convallis. Phasellus condimentum elit id cursus sodales. Vivamus nec est consectetur, tincidunt augue at, tempor libero.</p> ",
        "category": [
            "Haircuts & hairstyles",
            "Fashion trends",
            "Accessories"
        ],
        "date": "06/22/2018",
        "contributor": "Admin",
        "user": "John Doe",
        "profile": "assets/images/demo/blog/author.jpg",
        "userinfo": "Lorem ipsum dolor sit amet, consectetur adipisicing elit. Ab officia culpa corporis, quidem placeat minima unde vel veniam laboriosam et animi, inventore delectus, officiis doloribus ex amet illum ea suscipit!"
    },
    {
        "id": 3,
        "title": "Hello World!",
        "pictures": [
            "assets/images/demo/blog/post-3.jpg"
        ],
        "shortDetails": "Euismod atras vulputate iltricies etri elit. Class aptent taciti sociosqu ad litora torquent per conubia nostra, per inceptos himenaeos. Nulla nunc dui, tristique in semper vel, congue sed ligula.",
        "description": "<p>Proin ut ante vitae magna cursus porta. Aenean rutrum faucibus augue eu convallis. Phasellus condimentum elit id cursus sodales. Vivamus nec est consectetur, tincidunt augue at, tempor libero.</p> ",
        "category": [
            "Haircuts & hairstyles",
            "Fashion trends",
            "Accessories"
        ],
        "date": "06/07/2018",
        "contributor": "Admin",
        "user": "John Doe",
        "profile": "assets/images/demo/blog/author.jpg",
        "userinfo": "Lorem ipsum dolor sit amet, consectetur adipisicing elit. Ab officia culpa corporis, quidem placeat minima unde vel veniam laboriosam et animi, inventore delectus, officiis doloribus ex amet illum ea suscipit!"
    },
    {
        "id": 4,
        "title": "Post Format - Image",
        "pictures": [
            "assets/images/demo/blog/post-3.jpg"
        ],
        "shortDetails": "Euismod atras vulputate iltricies etri elit. Class aptent taciti sociosqu ad litora torquent per conubia nostra, per inceptos himenaeos. Nulla nunc dui, tristique in semper vel, congue sed ligula.",
        "description": "<p>Proin ut ante vitae magna cursus porta. Aenean rutrum faucibus augue eu convallis. Phasellus condimentum elit id cursus sodales. Vivamus nec est consectetur, tincidunt augue at, tempor libero.</p> ",
        "category": [
            "Haircuts & hairstyles",
            "Fashion trends",
            "Accessories"
        ],
        "date": "11/5/2018",
        "contributor": "Admin",
        "user": "John Doe",
        "profile": "assets/images/demo/blog/author.jpg",
        "userinfo": "Lorem ipsum dolor sit amet, consectetur adipisicing elit. Ab officia culpa corporis, quidem placeat minima unde vel veniam laboriosam et animi, inventore delectus, officiis doloribus ex amet illum ea suscipit!"
    }
]